school_code,school_name,district,address,grade_class,class_regular,class_special,class_total,research_topic,research_year,research_total_years,ib_stage,future_year,future_total_years,latitude,longitude
7004178,경북대학교사범대학부설초등학교(국립),동부,대구광역시 중구 달구벌대로 2150 ,,24,1,25,학생주도탐구학습,1,2,월드,, ,35.86357598,128.5983647
7251116,계성초등학교(사립),동부,대구광역시 중구 달성로 15 ,,24,0,24, ,,, ,, ,35.86566471,128.5811278
7271066,남대구초등학교,남부,대구광역시 남구 중앙대로47길 55,라,11,1,12, ,,, ,5,5,35.8535641,128.5864808
7281031,대구가창초등학교,달성,대구광역시 달성군 가창면 가창로 640 ,다,7,1,8,학교자율성(IB후보),1,2,후보,, ,35.77102937,128.6482703
7271070,대구감삼초등학교,남부,대구광역시 달서구 당산로 123,라,13,1,14,대용부설,1,3, ,, ,35.84914399,128.545555
7271081,대구감천초등학교,남부,대구광역시 달서구 구마로12길 60,다,12,2,14, ,,, ,, ,35.83522361,128.5330966
7251110,대구강동초등학교,동부,대구광역시 동구 동호로7길 17,나,32,1,33, ,,, ,, ,35.86805865,128.7299007
7281102,대구강림초등학교,달성,대구광역시 달성군 옥포읍 돌미로 15 ,다,36,2,38, ,,, ,, ,35.78117282,128.4369578
7261085,대구강북초등학교,서부,대구광역시 북구 구암서로 50,가,23,2,25, ,,, ,, ,35.94086182,128.5667658
7251085,대구경동초등학교,동부,대구광역시 수성구 청호로76길 12 ,가,58,0,58, ,,, ,, ,35.85219753,128.6393734
7261058,대구경운초등학교,서부,대구광역시 서구 평리로54길 16,나,14,2,16, ,,, ,1,4,35.86091064,128.5529435
7261071,대구경진초등학교,서부,대구광역시 북구 경진로12길 5 ,라,6,1,7, ,,, ,, ,35.89190742,128.6171814
7251081,대구고산초등학교,동부,대구광역시 수성구 달구벌대로 3067 ,가,27,2,29, ,,, ,1,4,35.84408951,128.6928066
7251074,대구공산초등학교,동부,대구광역시 동구 팔공로197길 35 ,라,6,0,6, ,,, ,1,4,35.95681748,128.6897923
7261086,대구관남초등학교,서부,대구광역시 북구 칠곡중앙대로91길 10,다,12,1,13, ,,, ,, ,35.93683639,128.54779
7261094,대구관문초등학교,서부,대구광역시 북구 매전로 32 ,가,30,2,32, ,,, ,, ,35.90832926,128.5462968
7261075,대구관음초등학교,서부,대구광역시 북구 관음동로17길 16 ,라,8,1,9, ,,, ,, ,35.93996044,128.5470789
7261076,대구관천초등학교,서부,대구광역시 북구 구암로22길 17 ,라,8,1,9, ,,, ,, ,35.9305582,128.552126
7261081,대구교동초등학교,서부,대구광역시 북구 관음중앙로34길 4 ,다,8,2,10,기초학력,2,2, ,, ,35.94475315,128.5494327
7004088,대구교육대학교대구부설초등학교(국립),남부,대구광역시 달서구 도원남로 19 ,,18,1,19,개념기반탐구학습,1,2,월드,, ,35.80596892,128.5323853
7261079,대구구암초등학교,서부,대구광역시 북구 학정로 245 ,다,13,2,15, ,,, ,, ,35.92797496,128.5573806
7281025,대구구지초등학교,달성,대구광역시 달성군 구지면 창리로11길 45-11,라,21,2,23, ,,, ,1,4,35.66021157,128.4125564
7261228,대구국우초등학교,서부,대구광역시 북구 도남중앙로10길 45 ,다,17,1,18, ,,, ,, ,35.95600462,128.5857861
8862008,대구군위초등학교,군위,대구광역시 군위군 군위읍 동서5길 28 ,라,15,1,16,학교자율성(IB월드),2,2,월드,, ,36.23914088,128.568186
7281019,대구금계초등학교,달성,대구광역시 달성군 옥포읍 금계길 55 ,라,6,0,6, ,,, ,, ,35.78883806,128.4437334
7281021,대구금포초등학교,달성,대구광역시 달성군 논공읍 금포초등길 28,라,8,1,9, ,,, ,4,4,35.77429302,128.4254986
7271075,대구남덕초등학교,남부,대구광역시 남구 앞산순환로93길 33,라,10,1,11, ,,,월드,, ,35.83307955,128.573819
7271055,대구남도초등학교,남부,대구광역시 남구 현충동길 74,나,25,2,27,교육방법,1,1, ,, ,35.84429508,128.5812244
7281032,대구남동초등학교,달성,대구광역시 달성군 논공읍 논공로 258 ,다,8,1,9,학교자율성(IB월드),2,2,월드,, ,35.72463823,128.456469
7271069,대구남명초등학교,남부,대구광역시 남구 큰골4길 41,라,8,1,9, ,,, ,2,4,35.83437755,128.5819861
7271057,대구남부초등학교,남부,대구광역시 달서구 야외음악당로 15길 46,라,11,1,12, ,,,관심,, ,35.84443463,128.5499567
7251049,대구남산초등학교,동부,대구광역시 중구 남산로 70 ,가,52,1,53,대용부설,3,3, ,, ,35.86322075,128.5827674
7271073,대구남송초등학교,남부,대구광역시 달서구 송현로 192,다,17,1,18, ,,, ,, ,35.8348818,128.5453301
7271050,대구내당초등학교,남부,대구광역시 달서구 명덕로 22-9 ,다,22,1,23, ,,, ,5,5,35.86064286,128.5725426
7261074,대구내서초등학교,서부,대구광역시 서구 달구벌대로371길 35 ,라,8,1,9,학교자율성(IB후보),1,2,후보,, ,35.86401125,128.5669722
7251104,대구노변초등학교,동부,대구광역시 수성구 노변공원로 52 ,가,31,1,32,교육방법,1,1, ,, ,35.83773595,128.6977137
7271089,대구노전초등학교,남부,대구광역시 달서구 한실로 43,나,14,1,15, ,,, ,, ,35.80817454,128.5312233
7281038,대구논공초등학교,달성,대구광역시 달성군 논공읍 논공로7길 41 ,다,12,1,13,다문화교육,2,2,관심,5,5,35.73103879,128.4376482
7281026,대구다사초등학교,달성,대구광역시 달성군 다사읍 다사로 86,가,38,2,40, ,,, ,, ,35.8694736,128.4583724
7261070,대구달산초등학교,서부,대구광역시 북구 옥산로17길 37 ,가,33,1,34, ,,, ,, ,35.88804929,128.5854554
7261062,대구달서초등학교,서부,대구광역시 서구 국채보상로34길 35 ,가,25,1,26, ,,, ,, ,35.86684409,128.5505158
7261041,대구달성초등학교,서부,대구광역시 서구 고성로 127 ,가,38,2,40, ,,, ,, ,35.88279286,128.579641
7271087,대구대곡초등학교,남부,대구광역시 달서구 도원남로 60 ,나,14,1,15, ,,, ,, ,35.8032986,128.5357039
7271071,대구대남초등학교,남부,대구광역시 달서구 월배로68길 91,다,12,2,14, ,,, ,, ,35.82430288,128.5515881
7271058,대구대덕초등학교,남부,대구광역시 남구 대명서로 28 ,라,11,1,12, ,,, ,, ,35.830186,128.561791
7271048,대구대명초등학교,남부,대구광역시 남구 대명로 100,나,18,1,19, ,,, ,, ,35.83877137,128.5684317
7271049,대구대봉초등학교,남부,대구광역시 남구 대봉로26길 33 ,나,18,2,20,학교자율성(IB후보),1,2,후보,, ,35.85162263,128.6046334
7261066,대구대산초등학교,서부,대구광역시 북구 신천동로 900 ,라,6,1,7, ,,, ,1,4,35.89732168,128.5940505
7271078,대구대서초등학교,남부,대구광역시 달서구 송현로 9,가,18,1,19, ,,, ,, ,35.82034381,128.549858
7261044,대구대성초등학교,서부,대구광역시 서구 국채보상로 426 ,라,8,1,9, ,,, ,2,4,35.87042377,128.5771437
7281103,대구대실초등학교,달성,대구광역시 달성군 다사읍 대실역남로1길 31 ,가,43,2,45, ,,, ,1,4,35.85322365,128.4677479
7271099,대구대진초등학교,남부,대구광역시 달서구 상화로 70 ,나,15,1,16, ,,, ,, ,35.80662654,128.5217068
7261082,대구대천초등학교,서부,대구광역시 북구 구암로21길 54 ,나,16,1,17, ,,, ,, ,35.93711498,128.554361
7251092,대구대청초등학교,동부,대구광역시 수성구 교학로12길 42 ,가,56,1,57,교실수업개선,2,2, ,, ,35.85098121,128.650099
7251090,대구덕성초등학교,동부,대구광역시 동구 아양로34길 50,라,13,0,13, ,,, ,1,4,35.88210531,128.6284765
7271074,대구덕인초등학교,남부,대구광역시 달서구 대명천로43길 66 ,다,28,2,30,학교자율성(IB월드),2,2,월드,, ,35.83885011,128.5344819
7261065,대구도남초등학교,서부,대구광역시 북구 구리로 202,나,22,2,24,교실수업개선,1,2, ,, ,35.94847883,128.5773199
7281037,대구도림초등학교,달성,대구광역시 달성군 다사읍 서재로26길 94 ,나,13,1,14, ,,, ,2,4,35.87816722,128.4995392
7271090,대구도원초등학교,남부,대구광역시 달서구 도원남로 100-30 ,나,12,1,13, ,,, ,, ,35.8046888,128.5422717
7281028,대구동곡초등학교,달성,대구광역시 달성군 하빈면 달구벌대로55길 104-4 ,라,6,1,7,학교자율성(IB후보),1,2,후보,, ,35.87936389,128.4173532
7251056,대구동덕초등학교,동부,대구광역시 중구 동덕로26길 20 ,나,22,0,22,학교자율성(IB월드),2,2,월드,, ,35.86470834,128.6046712
7251051,대구동도초등학교,동부,대구광역시 수성구 동대구로57길 8 ,가,54,1,55, ,,, ,, ,35.85677308,128.6235282
7251088,대구동문초등학교,동부,대구광역시 수성구 효행로2길 111 ,라,7,1,8, ,,, ,, ,35.87484815,128.652407
7261090,대구동변초등학교,서부,대구광역시 북구 동변로 60,나,18,1,19,학교자율성(IB후보),1,2,후보,, ,35.91913153,128.604165
7251069,대구동부초등학교,동부,대구광역시 동구 신암북로7길 22 ,다,23,2,25, ,,, ,, ,35.88860412,128.6200297
7251084,대구동산초등학교,동부,대구광역시 수성구 동대구로42길 29 ,나,20,2,22, ,,,관심,, ,35.84909091,128.6282047
7251065,대구동성초등학교,동부,대구광역시 수성구 수성로 311,가,36,1,37, ,,, ,1,4,35.85342865,128.6126989
7251067,대구동신초등학교,동부,대구광역시 동구 송라로 123 ,나,29,1,30, ,,, ,, ,35.87827603,128.6150298
7251073,대구동원초등학교,동부,대구광역시 수성구 국채보상로 1000 ,나,19,0,19, ,,, ,, ,35.86516994,128.6401008
7251054,대구동인초등학교,동부,대구광역시 중구 국채보상로 728,다,12,2,14, ,,,관심,, ,35.86808439,128.6095062
7251087,대구동일초등학교,동부,대구광역시 수성구 들안로 311,가,19,1,20, ,,, ,, ,35.85799766,128.6167788
7251064,대구동천초등학교,동부,대구광역시 수성구 상록로16길 20 ,가,60,1,61, ,,, ,1,4,35.865317,128.6257512
7251059,대구동촌초등학교,동부,대구광역시 동구 동촌로 168 ,나,17,2,19, ,,, ,, ,35.88202794,128.6589293
7261087,대구동평초등학교,서부,대구광역시 북구 동천로 84 ,가,27,0,27, ,,, ,, ,35.93907265,128.5610097
7251109,대구동호초등학교,동부,대구광역시 동구 동호로 25 ,나,15,1,16, ,,, ,1,4,35.86535031,128.7204845
7261072,대구두류초등학교,서부,대구광역시 서구 달구벌대로357길 22,다,23,1,24, ,,, ,, ,35.86161552,128.5599193
7251093,대구두산초등학교,동부,대구광역시 수성구 동대구로6길 31,다,12,1,13, ,,, ,3,4,35.83259729,128.6260889
7251268,대구들안길초등학교,동부,대구광역시 수성구 들안로16길 58 ,나,23,1,24, ,,, ,, ,35.83886822,128.6184098
7251071,대구만촌초등학교,동부,대구광역시 수성구 국채보상로214길 33 ,나,14,1,15, ,,, ,, ,35.86669184,128.6478915
7281041,대구매곡초등학교,달성,대구광역시 달성군 다사읍 대실역북로3길 6,가,16,0,16, ,,, ,, ,35.86224983,128.4681199
7251113,대구매동초등학교,동부,대구광역시 수성구 천을로31길 16 ,나,12,0,12, ,,, ,, ,35.84521277,128.7092073
7261064,대구매천초등학교,서부,대구광역시 북구 매천로 179,나,14,2,16,대용부설,2,3, ,1,4,35.91275916,128.5420539
7251105,대구매호초등학교,동부,대구광역시 수성구 달구벌대로647길 30,나,18,1,19, ,,, ,, ,35.84140543,128.7129895
7281035,대구명곡초등학교,달성,대구광역시 달성군 화원읍 명곡로 40 ,나,6,1,7, ,,, ,, ,35.79667071,128.4961175
7251052,대구명덕초등학교,동부,대구광역시 중구 남산로2길 125 ,다,16,1,17, ,,, ,4,4,35.85833239,128.5894901
7261046,대구문성초등학교,서부,대구광역시 북구 복현로 180,나,16,1,17,교실수업개선,1,2, ,, ,35.90564341,128.619663
7281020,대구반송초등학교,달성,대구광역시 달성군 옥포읍 용연사길 5 ,라,6,0,6, ,,, ,1,4,35.75661793,128.4946927
7251077,대구반야월초등학교,동부,대구광역시 동구 안심로49길 70 ,다,34,2,36, ,,, ,, ,35.86827216,128.7107606
7251091,대구방촌초등학교,동부,대구광역시 동구 동촌로42길 35-14,다,13,1,14, ,,, ,, ,35.88070613,128.6630617
7251099,대구범물초등학교,동부,대구광역시 수성구 지범로41길 33 ,라,6,2,8, ,,, ,, ,35.82181258,128.6454325
7251068,대구범어초등학교,동부,대구광역시 수성구 달구벌대로489길 55 ,가,59,1,60, ,,, ,, ,35.86067084,128.6329505
7251100,대구범일초등학교,동부,대구광역시 수성구 범안로4길 22 ,가,22,0,22, ,,, ,, ,35.81633065,128.6388255
7251107,대구복명초등학교,동부,대구광역시 수성구 범안로20길 8 ,다,13,0,13, ,,, ,, ,35.8176268,128.6472131
7261060,대구복현초등학교,서부,대구광역시 북구 공항로 58 ,가,35,1,36, ,,, ,, ,35.89765744,128.6218475
7271060,대구본리초등학교,남부,대구광역시 달서구 장기로 198 ,가,42,2,44,대용부설,1,3, ,, ,35.84457479,128.5386389
7271052,대구봉덕초등학교,남부,대구광역시 남구 효성로 71 ,나,30,3,33, ,,, ,, ,35.83914851,128.5972088
7251245,대구봉무초등학교,동부,대구광역시 동구 팔공로53길 30 ,나,30,1,31, ,,, ,, ,35.92580017,128.637414
8862012,대구부계초등학교,군위,대구광역시 군위군 부계면 치산효령로 1376 ,다,5,0,5, ,,, ,2,4,36.10164475,128.6628119
8862034,대구부계초등학교 고매캠퍼스,군위,대구광역시 군위군 효령면 용매로 970 ,다,2,1,3, ,,, ,, ,36.09728301,128.5823613
8862035,대구부계초등학교 의흥캠퍼스,군위,대구광역시 군위군 의흥면 읍내길 67-17,다,1,1,2, ,,, ,, ,36.17531338,128.7181362
7281022,대구북동초등학교,달성,대구광역시 달성군 논공읍 논공로11길 18,다,12,2,14, ,,, ,1,4,35.72947978,128.4413202
7261078,대구북부초등학교,서부,대구광역시 북구 동천로 20 ,다,10,1,11, ,,, ,, ,35.93328829,128.5587531
7261056,대구북비산초등학교,서부,대구광역시 서구 통학로48길 7,라,8,1,9, ,,, ,4,4,35.8815459,128.5643756
7251089,대구불로초등학교,동부,대구광역시 동구 방천로3길 19 ,다,11,1,12, ,,, ,1,4,35.89720259,128.6319199
7261054,대구비산초등학교,서부,대구광역시 서구 통학로 202 ,다,15,1,16, ,,, ,1,4,35.87859648,128.5645258
7281104,대구비슬초등학교,달성,대구광역시 달성군 유가읍 테크노북로 144 ,다,39,2,41,학교자율성(IB후보),1,2,후보,, ,35.69592604,128.4589414
7261210,대구사수초등학교,서부,대구광역시 북구 내곡로 124,나,35,2,37, ,,, ,, ,35.90066493,128.5153325
7251112,대구사월초등학교,동부,대구광역시 수성구 달구벌대로656길 46 ,가,47,0,47, ,,, ,, ,35.83396493,128.7149504
7261052,대구산격초등학교,서부,대구광역시 북구 산격로10길 14 ,다,13,1,14, ,,, ,, ,35.8946518,128.6063896
7251050,대구삼덕초등학교,동부,대구광역시 중구 달구벌대로447길 10 ,나,14,2,16,학교자율성(IB월드),2,2,월드,, ,35.86356374,128.6086302
7261218,대구삼영초등학교,서부,대구광역시 북구 내곡로 63,나,24,2,26,교원역량강화,1,1,월드,, ,35.90167735,128.5096899
7251118,대구삼육초등학교(사립),동부,대구광역시 수성구 청수로 22-23,,6,0,6, ,,, ,, ,35.83981668,128.6106512
7271084,대구상원초등학교,남부,대구광역시 달서구 월곡로20길 15 ,다,11,1,12, ,,, ,, ,35.80636651,128.5506746
7271062,대구상인초등학교,남부,대구광역시 달서구 월곡로 211,나,21,2,23, ,,, ,, ,35.81289419,128.5426248
7251259,대구새론초등학교,동부,대구광역시 동구 과학로13길 5 ,나,39,2,41,통일교육,1,2,관심,, ,35.88439053,128.7170845
7261055,대구서도초등학교,서부,대구광역시 서구 평리로 395 ,다,11,1,12, ,,, ,, ,35.86727153,128.5653531
7281110,대구서동초등학교,달성,대구광역시 달성군 다사읍 서재로7길 55 ,나,50,2,52, ,,, ,, ,35.87195638,128.4883234
7261091,대구서변초등학교,서부,대구광역시 북구 호국로43길 35 ,나,15,1,16, ,,, ,, ,35.92073334,128.5949656
7261040,대구서부초등학교,서부,대구광역시 서구 달서로26길 25 ,다,12,2,14, ,,, ,, ,35.87387969,128.5737138
7281027,대구서재초등학교,달성,대구광역시 달성군 다사읍 서재로 100 ,나,21,2,23, ,,, ,, ,35.87193759,128.4983723
7261067,대구서평초등학교,서부,대구광역시 서구 서대구로45길 60 ,라,7,2,9,학교자율성(IB후보),1,2,후보,, ,35.87833333,128.5475424
7271092,대구선원초등학교,남부,대구광역시 달서구 선원로33길 105 ,다,11,0,11, ,,, ,, ,35.86093922,128.5156422
7271100,대구성곡초등학교,남부,대구광역시 달서구 선원남로 127 ,나,12,1,13, ,,, ,, ,35.85809667,128.5137013
7271054,대구성남초등학교,남부,대구광역시 달서구 성당로47길 35 ,다,19,1,20, ,,, ,, ,35.85332963,128.5722856
7271068,대구성당초등학교,남부,대구광역시 달서구 대명천로 118 ,가,28,1,29,교육과정,2,2, ,, ,35.84055853,128.5472902
7251082,대구성동초등학교,동부,대구광역시 수성구 청수로45길 27,가,55,1,56,교육과정,1,3, ,, ,35.84171003,128.6321483
7271056,대구성명초등학교,남부,대구광역시 남구 성당로30길 55,다,11,1,12, ,,, ,, ,35.84606673,128.5710524
7261051,대구성북초등학교,서부,대구광역시 북구 호국로57길 42 ,다,14,1,15, ,,, ,, ,35.92640879,128.5942863
7271093,대구성산초등학교,남부,대구광역시 달서구 선원남로 173 ,나,15,2,17, ,,, ,, ,35.85790477,128.5187097
7271059,대구성서초등학교,남부,대구광역시 달서구 달구벌대로 1339 ,다,12,1,13, ,,,관심,, ,35.85213791,128.5140985
7271088,대구성지초등학교,남부,대구광역시 달서구 새동네로 27 ,나,13,1,14, ,,, ,, ,35.85324804,128.5190244
7281105,대구세천초등학교,달성,대구광역시 달성군 다사읍 세천로 182-9,나,56,2,58, ,,, ,, ,35.87434699,128.4814697
7281111,대구세현초등학교,달성,대구광역시 달성군 구지면 국가산단대로66길 10 ,라,54,3,57, ,,, ,, ,35.65990781,128.419626
7271080,대구송일초등학교,남부,대구광역시 달서구 학산로2길 38,나,17,1,18, ,,, ,, ,35.82413307,128.5328213
7251079,대구송정초등학교,동부,대구광역시 동구 안심로90길 9,다,29,2,31, ,,, ,, ,35.87060567,128.7340252
7271063,대구송현초등학교,남부,대구광역시 달서구 송현로 128 ,다,12,1,13, ,,, ,, ,35.82868737,128.5448311
7251053,대구수성초등학교,동부,대구광역시 수성구 상화로5길 40 ,가,28,1,29, ,,, ,, ,35.83685579,128.6101597
7251048,대구수창초등학교,동부,대구광역시 중구 달성로22길 30 ,다,44,2,46, ,,, ,1,4,35.8742603,128.5834453
7251080,대구숙천초등학교,동부,대구광역시 동구 숙천로 17,다,26,1,27, ,,, ,, ,35.87696975,128.7533077
7251102,대구시지초등학교,동부,대구광역시 수성구 달구벌대로631길 17 ,다,9,2,11, ,,, ,, ,35.84381421,128.7032311
7271085,대구신당초등학교,남부,대구광역시 달서구 서당로 14 ,라,6,2,8, ,,, ,3,4,35.85329484,128.496288
7251101,대구신매초등학교,동부,대구광역시 수성구 달구벌대로650길 26 ,나,19,1,20, ,,, ,, ,35.83660884,128.7092663
7271094,대구신서초등학교,남부,대구광역시 달서구 계대동문로3길 46 ,라,9,1,10,학교자율성(IB후보),1,2,후보,, ,35.85793519,128.4947454
7251083,대구신성초등학교,동부,대구광역시 동구 동북로71길 29 ,다,26,1,27, ,,, ,, ,35.89012123,128.6289247
7261045,대구신암초등학교,서부,대구광역시 북구 경대로 21,가,23,2,25, ,,,관심,, ,35.88385166,128.6119505
7271106,대구신월초등학교,남부,대구광역시 달서구 조암남로 100 ,가,37,1,38, ,,, ,, ,35.82056973,128.5221495
7251061,대구신천초등학교,동부,대구광역시 동구 송라로6길 5,가,34,1,35, ,,, ,, ,35.871656,128.6210089
7271053,대구신흥초등학교,남부,대구광역시 달서구 두류공원로 257,다,15,1,16, ,,, ,, ,35.85636331,128.5563376
7251062,대구아양초등학교,동부,대구광역시 동구 아양로 221 ,라,11,1,12, ,,, ,, ,35.88749844,128.6375337
7251078,대구안일초등학교,동부,대구광역시 동구 율하동로23길 66 ,다,25,1,26,대용부설,2,3, ,1,4,35.87136914,128.6953003
7261225,대구연경초등학교,서부,대구광역시 북구 연경중앙로11길 19,나,32,1,33, ,,, ,, ,35.94573483,128.616056
7271051,대구영선초등학교,남부,대구광역시 남구 영선길 96 ,다,20,2,22, ,,,월드,, ,35.85296211,128.5958575
7261050,대구옥산초등학교,서부,대구광역시 북구 칠성시장로23길 55 ,가,30,2,32, ,,, ,, ,35.88114343,128.5988828
7281018,대구옥포초등학교,달성,대구광역시 달성군 옥포읍 비슬로 2220 ,다,12,1,13, ,,, ,, ,35.78778718,128.4641599
7271086,대구와룡초등학교,남부,대구광역시 달서구 선원남로 22,나,20,3,23, ,,,관심,, ,35.85707321,128.5018563
7281040,대구왕선초등학교,달성,대구광역시 달성군 다사읍 대실역북로 93,가,24,1,25, ,,, ,, ,35.86319531,128.465206
7281030,대구용계초등학교,달성,대구광역시 달성군 가창면 가창로221길 1,가,15,1,16, ,,, ,, ,35.80456757,128.6216025
7271072,대구용산초등학교,남부,대구광역시 달서구 와룡로49길 80,나,15,1,16, ,,, ,3,4,35.85523848,128.5318784
7271096,대구용전초등학교,남부,대구광역시 달서구 용산로 260,나,12,1,13, ,,, ,, ,35.86109075,128.5312139
7251095,대구용지초등학교,동부,대구광역시 수성구 지산로 12 ,가,26,1,27, ,,, ,, ,35.82204889,128.6324737
7271250,대구용천초등학교,남부,대구광역시 달서구 조암남로32길 55 ,가,59,1,60,인성교육,2,2, ,, ,35.81972464,128.5125985
7251106,대구용호초등학교,동부,대구광역시 동구 동촌로56길 82,나,18,1,19, ,,, ,, ,35.87732554,128.6721145
7251103,대구욱수초등학교,동부,대구광역시 수성구 신매로 20 ,가,24,1,25, ,,, ,, ,35.8313394,128.7077126
7261089,대구운암초등학교,서부,대구광역시 북구 대천로 148,가,21,2,23, ,,,관심,, ,35.93549364,128.5659526
7271061,대구월배초등학교,남부,대구광역시 달서구 월배로 131,나,27,2,29,학교자율성(IB월드),1,2,월드,, ,35.81641019,128.5282742
7271103,대구월서초등학교,남부,대구광역시 달서구 월배로39길 46,가,31,1,32,마음교육,2,2, ,, ,35.82172627,128.5315269
7271079,대구월성초등학교,남부,대구광역시 달서구 학산로7길 26,라,8,1,9, ,,,관심,5,5,35.83108781,128.5318978
7271200,대구월암초등학교,남부,대구광역시 달서구 조암로6길 55,가,46,1,47, ,,,관심,1,4,35.82855436,128.5219715
7271082,대구월촌초등학교,남부,대구광역시 달서구 상인서로 60,다,25,2,27, ,,, ,, ,35.81635707,128.5432703
7281024,대구유가초등학교,달성,대구광역시 달성군 유가읍 테크노대로5길 34,다,60,2,62, ,,, ,, ,35.69228477,128.4678526
7271105,대구유천초등학교,남부,대구광역시 달서구 달서대로 39 ,가,26,1,27, ,,, ,, ,35.8125707,128.5118589
7251243,대구율금초등학교,동부,대구광역시 동구 안심로16길 70,나,24,1,25, ,,, ,, ,35.86182692,128.6916115
7251114,대구율원초등학교,동부,대구광역시 동구 율하동로 55,가,29,2,31, ,,, ,1,4,35.86475488,128.7010089
7251098,대구율하초등학교,동부,대구광역시 동구 율하동로15길 1,라,12,2,14,교실수업개선,1,2, ,3,4,35.86742109,128.701617
7271091,대구이곡초등학교,남부,대구광역시 달서구 선원남로 120 ,나,14,0,14, ,,, ,, ,35.85684431,128.5136458
7261057,대구이현초등학교,서부,대구광역시 서구 국채보상로37길 35 ,나,20,1,21, ,,, ,2,4,35.87348606,128.5503997
7261043,대구인지초등학교,서부,대구광역시 서구 서대구로66길 20 ,나,23,2,25, ,,, ,, ,35.88618347,128.5672852
7251097,대구입석초등학교,동부,대구광역시 동구 아양로 300 ,다,13,1,14, ,,, ,, ,35.89055172,128.6442492
7271098,대구장기초등학교,남부,대구광역시 달서구 장기로 280 ,가,16,1,17, ,,, ,, ,35.84439346,128.5290125
7271101,대구장동초등학교,남부,대구광역시 달서구 달구벌대로304길 112,가,57,2,59, ,,, ,, ,35.84478484,128.5317635
7271095,대구장산초등학교,남부,대구광역시 달서구 장산로 30 ,가,17,1,18, ,,, ,, ,35.85484189,128.526831
7271102,대구장성초등학교,남부,대구광역시 달서구 달구벌대로 1429-11 ,다,6,1,7, ,,, ,, ,35.85035899,128.5235034
7271107,대구조암초등학교,남부,대구광역시 달서구 조암로5길 19 ,가,21,0,21, ,,, ,, ,35.82408224,128.5284353
7251055,대구종로초등학교,동부,대구광역시 중구 경상감영길 49 ,다,20,1,21, ,,, ,1,4,35.87249671,128.5897043
7281034,대구죽곡초등학교,달성,대구광역시 달성군 다사읍 죽곡1길 18 ,가,24,2,26, ,,, ,1,4,35.85679928,128.4633756
7271067,대구죽전초등학교,남부,대구광역시 달서구 죽전길 127,다,16,2,18, ,,, ,, ,35.85778703,128.5399269
7261048,대구중리초등학교,서부,대구광역시 서구 국채보상로 135 ,다,13,1,14,학교자율성(IB월드),1,2,월드,, ,35.86971383,128.5454299
7251108,대구중앙초등학교,동부,대구광역시 수성구 만촌로 125 ,가,33,1,34, ,,, ,, ,35.87025797,128.6403299
7251075,대구지묘초등학교,동부,대구광역시 동구 파계로6길 54-3 ,다,12,1,13, ,,, ,1,4,35.94297206,128.6382464
7251096,대구지봉초등학교,동부,대구광역시 수성구 지범로31길 45 ,라,7,0,7, ,,, ,, ,35.82552532,128.6405201
7251057,대구지산초등학교,동부,대구광역시 수성구 지범로17길 3-14 ,다,9,2,11,교실수업개선,1,2, ,3,4,35.82697578,128.6303383
7271076,대구진월초등학교,남부,대구광역시 달서구 진천로4길 32 ,다,12,1,13, ,,, ,1,4,35.81091692,128.5285851
7271064,대구진천초등학교,남부,대구광역시 달서구 상화로9길 65 ,나,17,2,19,교실수업개선,1,2, ,, ,35.8112815,128.5195472
7281036,대구천내초등학교,달성,대구광역시 달성군 화원읍 성천로 192 ,나,8,5,13,교육과정,1,1, ,1,4,35.80943449,128.501982
7251111,대구청림초등학교,동부,대구광역시 수성구 고산로 51 ,나,12,1,13, ,,, ,, ,35.83567351,128.7031968
7251047,대구초등학교,동부,대구광역시 중구 명륜로23길 80 ,나,22,1,23, ,,,월드,, ,35.86401969,128.5950442
7261063,대구칠곡초등학교,서부,대구광역시 북구 칠곡중앙대로110길 5 ,나,20,2,22, ,,, ,1,4,35.94502989,128.5518734
7261042,대구칠성초등학교,서부,대구광역시 북구 침산남로32길 17,가,52,1,53, ,,, ,1,4,35.88699568,128.5932439
7261049,대구침산초등학교,서부,대구광역시 북구 성북로 25 ,가,44,2,46, ,,, ,, ,35.89125116,128.5852008
7261084,대구태암초등학교,서부,대구광역시 북구 칠곡중앙대로52길 56 ,나,18,2,20, ,,, ,, ,35.92297015,128.5505078
7261077,대구태전초등학교,서부,대구광역시 북구 칠곡중앙대로75길 16 ,다,10,1,11, ,,, ,2,4,35.93024513,128.5459192
7261080,대구태현초등학교,서부,대구광역시 북구 태전로 95 ,다,13,1,14, ,,, ,, ,35.92818607,128.5407721
7281127,대구테크노초등학교,달성,대구광역시 달성군 유가읍 현풍로 245 ,다,23,4,27,학교자율성(IB월드),2,2,월드,, ,35.70035915,128.4645802
7251086,대구파동초등학교,동부,대구광역시 수성구 파동로51길 34 ,다,18,1,19, ,,, ,4,4,35.82470393,128.6077229
7251301,대구팔공초등학교,동부,대구광역시 동구 연경지묘로 150 ,다,21,1,22, ,,,월드,, ,35.94698096,128.6262377
7261083,대구팔달초등학교,서부,대구광역시 북구 매천로2길 19-6 ,다,10,1,11, ,,,관심,1,4,35.89794577,128.5447037
7261053,대구평리초등학교,서부,대구광역시 서구 국채보상로53길 6-5 ,가,40,1,41,학교체육활성화,1,2, ,, ,35.87239568,128.5613416
7281112,대구포산초등학교,달성,대구광역시 달성군 현풍읍 테크노북로 80 ,다,38,2,40, ,,, ,, ,35.69417709,128.4531329
7281029,대구하빈초등학교,달성,대구광역시 달성군 하빈면 하빈로 391-1 ,라,6,1,7, ,,, ,5,5,35.90161077,128.4421117
7261088,대구학남초등학교,서부,대구광역시 북구 학정동로 23 ,가,21,1,22, ,,, ,, ,35.94598887,128.5658934
7271077,대구학산초등학교,남부,대구광역시 달서구 월성로 76,다,18,2,20, ,,, ,1,4,35.83110936,128.5260827
7261093,대구학정초등학교,서부,대구광역시 북구 학남로 32,가,18,1,19, ,,, ,, ,35.94822595,128.5689765
7271215,대구한샘초등학교,남부,대구광역시 달서구 월배로11길 42 ,가,42,1,43, ,,, ,, ,35.81696001,128.5185333
7271235,대구한솔초등학교,남부,대구광역시 달서구 조암남로 172-13 ,가,31,1,32,교실수업개선,2,2, ,, ,35.81660141,128.5155867
7271258,대구한실초등학교,남부,대구광역시 달서구 한실로6길 108,나,26,1,27, ,,, ,, ,35.79831931,128.5285639
7261092,대구함지초등학교,서부,대구광역시 북구 동천로 33,나,13,0,13, ,,, ,1,4,35.93472457,128.557736
7251060,대구해서초등학교,동부,대구광역시 동구 팔공로 220-4 ,나,16,2,18,학교자율성(IB후보),1,2,후보,, ,35.91814298,128.6429614
7251058,대구해안초등학교,동부,대구광역시 동구 옻골로 50 ,라,6,1,7, ,,, ,2,4,35.89615668,128.682927
7281023,대구현풍초등학교,달성,대구광역시 달성군 현풍읍 비슬로134길 167-6 ,다,13,1,14,학교자율성(IB월드),2,2,월드,, ,35.69809567,128.4489959
7271104,대구호산초등학교,남부,대구광역시 달서구 달서대로109길 116 ,다,22,2,24, ,,, ,, ,35.84896455,128.4789194
7281033,대구화남초등학교,달성,대구광역시 달성군 화원읍 명천로 181,나,21,1,22, ,,, ,1,4,35.80002003,128.498009
7281039,대구화동초등학교,달성,대구광역시 달성군 화원읍 성암로 38 ,나,12,1,13, ,,, ,, ,35.79954584,128.5096929
7281017,대구화원초등학교,달성,대구광역시 달성군 화원읍 비슬로 2580,나,18,2,20, ,,, ,1,4,35.80302218,128.4993245
7251072,대구황금초등학교,동부,대구광역시 수성구 들안로32길 22,나,29,2,31, ,,, ,, ,35.84420044,128.618385
7251094,대구효동초등학교,동부,대구광역시 동구 효동로 78-7 ,라,6,1,7, ,,, ,3,4,35.88415639,128.6447288
7271065,대구효명초등학교,남부,대구광역시 남구 앞산순환로 707,나,14,0,14, ,,, ,, ,35.83464733,128.6012131
7251066,대구효목초등학교,동부,대구광역시 동구 화랑로27길 25 ,나,15,1,16, ,,, ,, ,35.87601101,128.6415692
7271108,효성초등학교(사립),남부,대구광역시 달서구 송현로 81,,18,0,18, ,,, ,, ,35.82393603,128.5433293
7251070,대구효신초등학교,동부,대구광역시 동구 동부로34길 70,다,26,1,27, ,,, ,, ,35.87263323,128.6321442
7251063,동대구초등학교,동부,대구광역시 동구 신암남로 45 ,가,31,1,32, ,,, ,, ,35.87969333,128.62097
7261069,북대구초등학교,서부,대구광역시 북구 동북로37길 68 ,나,15,2,17, ,,, ,, ,35.90295003,128.6099806
7261059,서대구초등학교,서부,대구광역시 서구 서대구로63길 28-13 ,라,8,2,10, ,,,관심,, ,35.88944615,128.5577979
7251117,영신초등학교(사립),동부,대구광역시 동구 팔공로50길 32 ,,24,0,24, ,,, ,, ,35.92002197,128.6462993
